{"cameraMode":{"drawMode":0,"name":"Shaded","section":"Shading Mode"},"sceneLighting":true,"audioPlay":false,"sceneViewState":{"m_AlwaysRefresh":false,"showFog":true,"showSkybox":true,"showFlares":true,"showImageEffects":true,"showParticleSystems":true,"showVisualEffectGraphs":true,"m_FxEnabled":true},"in2DMode":false,"pivot":{"x":47.06776809692383,"y":1.7699766159057618,"z":-11.205845832824707},"rotation":{"x":0.017984027042984964,"y":0.04077931493520737,"z":-0.0007311225635930896,"w":0.9990138411521912},"size":22.29926109313965,"orthographic":false}